{
  "participant_id": "d2f04863-5683-4e20-bd39-32f0cf339dc2",
  "model_version": "3DOF_几何重构版本",
  "avg_error": 0.047205075722773736,
  "pass_rate": 100.0,
  "tests": [
    {
      "name": "基础定位",
      "target": [
        0.1,
        0.0,
        0.8
      ],
      "final_pos": [
        0.18821583448233223,
        9.275340528038654e-06,
        0.8145442176561893
      ],
      "error": 0.08940675481571168,
      "passed": true
    },
    {
      "name": "横向移动",
      "target": [
        0.0,
        0.15,
        0.8
      ],
      "final_pos": [
        -2.175958615860396e-06,
        0.1552646945882062,
        0.8459409977766171
      ],
      "error": 0.04624167266171304,
      "passed": true
    },
    {
      "name": "对角移动",
      "target": [
        0.1,
        0.1,
        0.85
      ],
      "final_pos": [
        0.10390617413167465,
        0.10390655135089104,
        0.8522546305123389
      ],
      "error": 0.005966799690896464,
      "passed": true
    }
  ]
}